"scenario","year","variable","value","units"
"ssp119",1850,"Tgav",0.117123958780601,"degC"
"ssp119",1851,"Tgav",0.122108809188301,"degC"
"ssp119",1852,"Tgav",0.128556557123566,"degC"
"ssp119",1853,"Tgav",0.1358086889297,"degC"
"ssp119",1854,"Tgav",0.142671938667166,"degC"
"ssp119",1855,"Tgav",0.137840710304586,"degC"
"ssp119",1856,"Tgav",0.0943580466307425,"degC"
"ssp119",1857,"Tgav",0.0377052874884154,"degC"
"ssp119",1858,"Tgav",0.0223747224674989,"degC"
"ssp119",1859,"Tgav",0.0423501350618117,"degC"
"ssp119",1860,"Tgav",0.068957800793893,"degC"
"ssp119",1861,"Tgav",0.0875451734674451,"degC"
"ssp119",1862,"Tgav",0.0933547340696495,"degC"
"ssp119",1863,"Tgav",0.0983832415402425,"degC"
"ssp119",1864,"Tgav",0.110324374499647,"degC"
"ssp119",1865,"Tgav",0.124264122584243,"degC"
"ssp119",1866,"Tgav",0.137376038044888,"degC"
"ssp119",1867,"Tgav",0.148532752586586,"degC"
"ssp119",1868,"Tgav",0.157715035247378,"degC"
"ssp119",1869,"Tgav",0.16469145538417,"degC"
"ssp119",1870,"Tgav",0.170312186095254,"degC"
"ssp119",1871,"Tgav",0.175605951624449,"degC"
"ssp119",1872,"Tgav",0.17927955600247,"degC"
"ssp119",1873,"Tgav",0.18135014965417,"degC"
"ssp119",1874,"Tgav",0.184642353862392,"degC"
"ssp119",1875,"Tgav",0.187679300144085,"degC"
"ssp119",1876,"Tgav",0.186997326987696,"degC"
"ssp119",1877,"Tgav",0.186807603554085,"degC"
"ssp119",1878,"Tgav",0.190501882492411,"degC"
"ssp119",1879,"Tgav",0.195768744595144,"degC"
"ssp119",1880,"Tgav",0.201123793458195,"degC"
"ssp119",1881,"Tgav",0.206700593880313,"degC"
"ssp119",1882,"Tgav",0.201791412063252,"degC"
"ssp119",1883,"Tgav",0.118829588579417,"degC"
"ssp119",1884,"Tgav",-0.0128494978446133,"degC"
"ssp119",1885,"Tgav",-0.063001095689749,"degC"
"ssp119",1886,"Tgav",-0.0509799823918842,"degC"
"ssp119",1887,"Tgav",-0.0304487904885229,"degC"
"ssp119",1888,"Tgav",-0.00918807334715976,"degC"
"ssp119",1889,"Tgav",-0.00031341805016572,"degC"
"ssp119",1890,"Tgav",-0.000947368743436088,"degC"
"ssp119",1891,"Tgav",0.00365745809861711,"degC"
"ssp119",1892,"Tgav",0.0226615890166731,"degC"
"ssp119",1893,"Tgav",0.0508477948947397,"degC"
"ssp119",1894,"Tgav",0.0816740063069566,"degC"
"ssp119",1895,"Tgav",0.104501798871365,"degC"
"ssp119",1896,"Tgav",0.108885934645124,"degC"
"ssp119",1897,"Tgav",0.104705395472518,"degC"
"ssp119",1898,"Tgav",0.110911614955343,"degC"
"ssp119",1899,"Tgav",0.126157812969089,"degC"
"ssp119",1900,"Tgav",0.142915358600376,"degC"
"ssp119",1901,"Tgav",0.155401333505568,"degC"
"ssp119",1902,"Tgav",0.126396094423718,"degC"
"ssp119",1903,"Tgav",0.0671260951004932,"degC"
"ssp119",1904,"Tgav",0.0471860859358963,"degC"
"ssp119",1905,"Tgav",0.0667419863209959,"degC"
"ssp119",1906,"Tgav",0.0914715458445921,"degC"
"ssp119",1907,"Tgav",0.105655402579993,"degC"
"ssp119",1908,"Tgav",0.117944432161118,"degC"
"ssp119",1909,"Tgav",0.133099904694633,"degC"
"ssp119",1910,"Tgav",0.147889059647826,"degC"
"ssp119",1911,"Tgav",0.160912982450167,"degC"
"ssp119",1912,"Tgav",0.149921339389439,"degC"
"ssp119",1913,"Tgav",0.130290913474639,"degC"
"ssp119",1914,"Tgav",0.136686774340623,"degC"
"ssp119",1915,"Tgav",0.154106184200294,"degC"
"ssp119",1916,"Tgav",0.168624992622841,"degC"
"ssp119",1917,"Tgav",0.179863816939779,"degC"
"ssp119",1918,"Tgav",0.189903691598526,"degC"
"ssp119",1919,"Tgav",0.201671178590733,"degC"
"ssp119",1920,"Tgav",0.202579833220704,"degC"
"ssp119",1921,"Tgav",0.206234812040989,"degC"
"ssp119",1922,"Tgav",0.217141614216829,"degC"
"ssp119",1923,"Tgav",0.225466942557232,"degC"
"ssp119",1924,"Tgav",0.231631251379434,"degC"
"ssp119",1925,"Tgav",0.23742806593184,"degC"
"ssp119",1926,"Tgav",0.243539892993746,"degC"
"ssp119",1927,"Tgav",0.248044521314507,"degC"
"ssp119",1928,"Tgav",0.248383158498589,"degC"
"ssp119",1929,"Tgav",0.243611531545895,"degC"
"ssp119",1930,"Tgav",0.245234308056413,"degC"
"ssp119",1931,"Tgav",0.253943074383499,"degC"
"ssp119",1932,"Tgav",0.262628411311512,"degC"
"ssp119",1933,"Tgav",0.269484346506334,"degC"
"ssp119",1934,"Tgav",0.276785645351977,"degC"
"ssp119",1935,"Tgav",0.282324530913819,"degC"
"ssp119",1936,"Tgav",0.286886264640568,"degC"
"ssp119",1937,"Tgav",0.289475573521882,"degC"
"ssp119",1938,"Tgav",0.293528702203903,"degC"
"ssp119",1939,"Tgav",0.296266762314768,"degC"
"ssp119",1940,"Tgav",0.298631652082397,"degC"
"ssp119",1941,"Tgav",0.301483551320292,"degC"
"ssp119",1942,"Tgav",0.302166691937454,"degC"
"ssp119",1943,"Tgav",0.303166343651235,"degC"
"ssp119",1944,"Tgav",0.308133429316223,"degC"
"ssp119",1945,"Tgav",0.318501043889096,"degC"
"ssp119",1946,"Tgav",0.329311011985709,"degC"
"ssp119",1947,"Tgav",0.334426203918391,"degC"
"ssp119",1948,"Tgav",0.338222542017719,"degC"
"ssp119",1949,"Tgav",0.342900558115147,"degC"
"ssp119",1950,"Tgav",0.344968248618059,"degC"
"ssp119",1951,"Tgav",0.347726979290106,"degC"
"ssp119",1952,"Tgav",0.351110114822294,"degC"
"ssp119",1953,"Tgav",0.354919998319416,"degC"
"ssp119",1954,"Tgav",0.361031824651463,"degC"
"ssp119",1955,"Tgav",0.367465553936287,"degC"
"ssp119",1956,"Tgav",0.373703482683902,"degC"
"ssp119",1957,"Tgav",0.380701782039214,"degC"
"ssp119",1958,"Tgav",0.390160673248868,"degC"
"ssp119",1959,"Tgav",0.398844344226405,"degC"
"ssp119",1960,"Tgav",0.400874413172951,"degC"
"ssp119",1961,"Tgav",0.389511123700604,"degC"
"ssp119",1962,"Tgav",0.376612062901173,"degC"
"ssp119",1963,"Tgav",0.326757055125887,"degC"
"ssp119",1964,"Tgav",0.257161337976183,"degC"
"ssp119",1965,"Tgav",0.233321707985789,"degC"
"ssp119",1966,"Tgav",0.254140895779639,"degC"
"ssp119",1967,"Tgav",0.286230286718355,"degC"
"ssp119",1968,"Tgav",0.293901265516592,"degC"
"ssp119",1969,"Tgav",0.293048771828505,"degC"
"ssp119",1970,"Tgav",0.314149661338275,"degC"
"ssp119",1971,"Tgav",0.351185284549108,"degC"
"ssp119",1972,"Tgav",0.385558933574869,"degC"
"ssp119",1973,"Tgav",0.409733064679546,"degC"
"ssp119",1974,"Tgav",0.420344132630147,"degC"
"ssp119",1975,"Tgav",0.425348020596419,"degC"
"ssp119",1976,"Tgav",0.442206511417298,"degC"
"ssp119",1977,"Tgav",0.474390760075621,"degC"
"ssp119",1978,"Tgav",0.503419927820858,"degC"
"ssp119",1979,"Tgav",0.527878389226336,"degC"
"ssp119",1980,"Tgav",0.555673260441583,"degC"
"ssp119",1981,"Tgav",0.578257103775246,"degC"
"ssp119",1982,"Tgav",0.542310495220905,"degC"
"ssp119",1983,"Tgav",0.493168300558344,"degC"
"ssp119",1984,"Tgav",0.509547867248964,"degC"
"ssp119",1985,"Tgav",0.55784040236447,"degC"
"ssp119",1986,"Tgav",0.605187397373621,"degC"
"ssp119",1987,"Tgav",0.646472951823756,"degC"
"ssp119",1988,"Tgav",0.686936732519571,"degC"
"ssp119",1989,"Tgav",0.725303989535853,"degC"
"ssp119",1990,"Tgav",0.759917118973914,"degC"
"ssp119",1991,"Tgav",0.708367604775281,"degC"
"ssp119",1992,"Tgav",0.620263614880418,"degC"
"ssp119",1993,"Tgav",0.622856269074299,"degC"
"ssp119",1994,"Tgav",0.684082745250075,"degC"
"ssp119",1995,"Tgav",0.755953048484162,"degC"
"ssp119",1996,"Tgav",0.81952061543633,"degC"
"ssp119",1997,"Tgav",0.869047355684007,"degC"
"ssp119",1998,"Tgav",0.916030118629747,"degC"
"ssp119",1999,"Tgav",0.965252985348677,"degC"
"ssp119",2000,"Tgav",1.00965050532132,"degC"
"ssp119",2001,"Tgav",1.04879961333387,"degC"
"ssp119",2002,"Tgav",1.081233592708,"degC"
"ssp119",2003,"Tgav",1.10940024134909,"degC"
"ssp119",2004,"Tgav",1.13813674367587,"degC"
"ssp119",2005,"Tgav",1.16105594085932,"degC"
"ssp119",2006,"Tgav",1.17290312843621,"degC"
"ssp119",2007,"Tgav",1.18555464019293,"degC"
"ssp119",2008,"Tgav",1.20327167188108,"degC"
"ssp119",2009,"Tgav",1.2249233398176,"degC"
"ssp119",2010,"Tgav",1.24844460213658,"degC"
"ssp119",2011,"Tgav",1.27234001069046,"degC"
"ssp119",2012,"Tgav",1.29513828150265,"degC"
"ssp119",2013,"Tgav",1.31992480881991,"degC"
"ssp119",2014,"Tgav",1.34349233048425,"degC"
"ssp119",2015,"Tgav",1.37640026234021,"degC"
"ssp119",2016,"Tgav",1.40881985462015,"degC"
"ssp119",2017,"Tgav",1.43959538062115,"degC"
"ssp119",2018,"Tgav",1.46929953487413,"degC"
"ssp119",2019,"Tgav",1.49822676131918,"degC"
"ssp119",2020,"Tgav",1.52654426574782,"degC"
"ssp119",2021,"Tgav",1.55368457332725,"degC"
"ssp119",2022,"Tgav",1.57959367254681,"degC"
"ssp119",2023,"Tgav",1.60417914020855,"degC"
"ssp119",2024,"Tgav",1.62736978932282,"degC"
"ssp119",2025,"Tgav",1.649128216703,"degC"
"ssp119",2026,"Tgav",1.66943824838549,"degC"
"ssp119",2027,"Tgav",1.688298378373,"degC"
"ssp119",2028,"Tgav",1.70571783741624,"degC"
"ssp119",2029,"Tgav",1.72171403774834,"degC"
"ssp119",2030,"Tgav",1.73631082366016,"degC"
"ssp119",2031,"Tgav",1.74865068093839,"degC"
"ssp119",2032,"Tgav",1.7590387554088,"degC"
"ssp119",2033,"Tgav",1.76786518704467,"degC"
"ssp119",2034,"Tgav",1.77538179992536,"degC"
"ssp119",2035,"Tgav",1.78176748830318,"degC"
"ssp119",2036,"Tgav",1.78713032611167,"degC"
"ssp119",2037,"Tgav",1.79155755320105,"degC"
"ssp119",2038,"Tgav",1.79511626092093,"degC"
"ssp119",2039,"Tgav",1.79785752396361,"degC"
"ssp119",2040,"Tgav",1.79982222020669,"degC"
"ssp119",2041,"Tgav",1.80061316728285,"degC"
"ssp119",2042,"Tgav",1.80033808366083,"degC"
"ssp119",2043,"Tgav",1.7991347342318,"degC"
"ssp119",2044,"Tgav",1.7970913788503,"degC"
"ssp119",2045,"Tgav",1.79426853460159,"degC"
"ssp119",2046,"Tgav",1.790709910843,"degC"
"ssp119",2047,"Tgav",1.78644827300533,"degC"
"ssp119",2048,"Tgav",1.78150886246415,"degC"
"ssp119",2049,"Tgav",1.77591149928623,"degC"
"ssp119",2050,"Tgav",1.76967197285639,"degC"
"ssp119",2051,"Tgav",1.76299612465428,"degC"
"ssp119",2052,"Tgav",1.75593473430779,"degC"
"ssp119",2053,"Tgav",1.74854686738458,"degC"
"ssp119",2054,"Tgav",1.74088058397074,"degC"
"ssp119",2055,"Tgav",1.73298682424167,"degC"
"ssp119",2056,"Tgav",1.7248734287607,"degC"
"ssp119",2057,"Tgav",1.71655095379741,"degC"
"ssp119",2058,"Tgav",1.70803163808905,"degC"
"ssp119",2059,"Tgav",1.69932888310181,"degC"
"ssp119",2060,"Tgav",1.69045858000376,"degC"
"ssp119",2061,"Tgav",1.68162121230032,"degC"
"ssp119",2062,"Tgav",1.67280139138202,"degC"
"ssp119",2063,"Tgav",1.66397096664015,"degC"
"ssp119",2064,"Tgav",1.65511746416382,"degC"
"ssp119",2065,"Tgav",1.64623459942121,"degC"
"ssp119",2066,"Tgav",1.6373169033779,"degC"
"ssp119",2067,"Tgav",1.62835930815465,"degC"
"ssp119",2068,"Tgav",1.61935864467803,"degC"
"ssp119",2069,"Tgav",1.61031311563721,"degC"
"ssp119",2070,"Tgav",1.60122052355461,"degC"
"ssp119",2071,"Tgav",1.59217909209065,"degC"
"ssp119",2072,"Tgav",1.58316588838633,"degC"
"ssp119",2073,"Tgav",1.57415306598746,"degC"
"ssp119",2074,"Tgav",1.56512353904772,"degC"
"ssp119",2075,"Tgav",1.55606535575724,"degC"
"ssp119",2076,"Tgav",1.54696977015891,"degC"
"ssp119",2077,"Tgav",1.53783037885804,"degC"
"ssp119",2078,"Tgav",1.52864221927352,"degC"
"ssp119",2079,"Tgav",1.51940105519782,"degC"
"ssp119",2080,"Tgav",1.51010318682069,"degC"
"ssp119",2081,"Tgav",1.50075521374911,"degC"
"ssp119",2082,"Tgav",1.4913586049654,"degC"
"ssp119",2083,"Tgav",1.48191097858566,"degC"
"ssp119",2084,"Tgav",1.47240940261224,"degC"
"ssp119",2085,"Tgav",1.46285081337533,"degC"
"ssp119",2086,"Tgav",1.45323216301921,"degC"
"ssp119",2087,"Tgav",1.44355101855414,"degC"
"ssp119",2088,"Tgav",1.4338057657211,"degC"
"ssp119",2089,"Tgav",1.42399475430893,"degC"
"ssp119",2090,"Tgav",1.41411582538353,"degC"
"ssp119",2091,"Tgav",1.40423160440195,"degC"
"ssp119",2092,"Tgav",1.39433112449567,"degC"
"ssp119",2093,"Tgav",1.38439667048274,"degC"
"ssp119",2094,"Tgav",1.37441625444615,"degC"
"ssp119",2095,"Tgav",1.3643809356115,"degC"
"ssp119",2096,"Tgav",1.35428339512901,"degC"
"ssp119",2097,"Tgav",1.34411724850673,"degC"
"ssp119",2098,"Tgav",1.33387671965488,"degC"
"ssp119",2099,"Tgav",1.32355653308748,"degC"
"ssp119",2100,"Tgav",1.31315194537243,"degC"
"ssp119",2101,"Tgav",1.30237273625879,"degC"
"ssp119",2102,"Tgav",1.29130925932132,"degC"
"ssp119",2103,"Tgav",1.28009759836627,"degC"
"ssp119",2104,"Tgav",1.26882575190725,"degC"
"ssp119",2105,"Tgav",1.257551554742,"degC"
"ssp119",2106,"Tgav",1.2463155730303,"degC"
"ssp119",2107,"Tgav",1.23514720001278,"degC"
"ssp119",2108,"Tgav",1.22406776618121,"degC"
"ssp119",2109,"Tgav",1.21309276769719,"degC"
"ssp119",2110,"Tgav",1.20223359672835,"degC"
"ssp119",2111,"Tgav",1.1914985894759,"degC"
"ssp119",2112,"Tgav",1.18089363621205,"degC"
"ssp119",2113,"Tgav",1.17042275140514,"degC"
"ssp119",2114,"Tgav",1.16008861290991,"degC"
"ssp119",2115,"Tgav",1.14989288405702,"degC"
"ssp119",2116,"Tgav",1.13983654664778,"degC"
"ssp119",2117,"Tgav",1.12992005775311,"degC"
"ssp119",2118,"Tgav",1.12014324628787,"degC"
"ssp119",2119,"Tgav",1.11050537235174,"degC"
"ssp119",2120,"Tgav",1.1010052704279,"degC"
"ssp119",2121,"Tgav",1.09164143857448,"degC"
"ssp119",2122,"Tgav",1.08241211445711,"degC"
"ssp119",2123,"Tgav",1.07331533331485,"degC"
"ssp119",2124,"Tgav",1.064349075841,"degC"
"ssp119",2125,"Tgav",1.05551124371589,"degC"
"ssp119",2126,"Tgav",1.04679958947871,"degC"
"ssp119",2127,"Tgav",1.03821177733407,"degC"
"ssp119",2128,"Tgav",1.02974544330237,"degC"
"ssp119",2129,"Tgav",1.02139820722014,"degC"
"ssp119",2130,"Tgav",1.0131676705563,"degC"
"ssp119",2131,"Tgav",1.00505143604951,"degC"
"ssp119",2132,"Tgav",0.997047155399333,"degC"
"ssp119",2133,"Tgav",0.989152571280107,"degC"
"ssp119",2134,"Tgav",0.981365442449999,"degC"
"ssp119",2135,"Tgav",0.973683475632125,"degC"
"ssp119",2136,"Tgav",0.966104353629629,"degC"
"ssp119",2137,"Tgav",0.958625773579537,"degC"
"ssp119",2138,"Tgav",0.951245454527287,"degC"
"ssp119",2139,"Tgav",0.943961155494916,"degC"
"ssp119",2140,"Tgav",0.936770685206813,"degC"
"ssp119",2141,"Tgav",0.929671917355718,"degC"
"ssp119",2142,"Tgav",0.922683188027783,"degC"
"ssp119",2143,"Tgav",0.915838045259028,"degC"
"ssp119",2144,"Tgav",0.909160174933522,"degC"
"ssp119",2145,"Tgav",0.902665253344969,"degC"
"ssp119",2146,"Tgav",0.89636434462949,"degC"
"ssp119",2147,"Tgav",0.890265298349244,"degC"
"ssp119",2148,"Tgav",0.884373552207895,"degC"
"ssp119",2149,"Tgav",0.878692819544038,"degC"
"ssp119",2150,"Tgav",0.873225623795451,"degC"
"ssp119",2151,"Tgav",0.867973603742735,"degC"
"ssp119",2152,"Tgav",0.862929088520767,"degC"
"ssp119",2153,"Tgav",0.858077556398479,"degC"
"ssp119",2154,"Tgav",0.853408404050596,"degC"
"ssp119",2155,"Tgav",0.848914206654054,"degC"
"ssp119",2156,"Tgav",0.844589277055366,"degC"
"ssp119",2157,"Tgav",0.840429063371015,"degC"
"ssp119",2158,"Tgav",0.836429817700871,"degC"
"ssp119",2159,"Tgav",0.832588350572525,"degC"
"ssp119",2160,"Tgav",0.82890185005206,"degC"
"ssp119",2161,"Tgav",0.825367779104178,"degC"
"ssp119",2162,"Tgav",0.821983820033857,"degC"
"ssp119",2163,"Tgav",0.818747853293598,"degC"
"ssp119",2164,"Tgav",0.815657968868212,"degC"
"ssp119",2165,"Tgav",0.812712529587535,"degC"
"ssp119",2166,"Tgav",0.80991012309198,"degC"
"ssp119",2167,"Tgav",0.80724984219906,"degC"
"ssp119",2168,"Tgav",0.804731338214352,"degC"
"ssp119",2169,"Tgav",0.802354239942084,"degC"
"ssp119",2170,"Tgav",0.800117738871459,"degC"
"ssp119",2171,"Tgav",0.798020637835112,"degC"
"ssp119",2172,"Tgav",0.796061719413648,"degC"
"ssp119",2173,"Tgav",0.794239853237192,"degC"
"ssp119",2174,"Tgav",0.792553773242255,"degC"
"ssp119",2175,"Tgav",0.791001971180447,"degC"
"ssp119",2176,"Tgav",0.789582809863861,"degC"
"ssp119",2177,"Tgav",0.788294669872349,"degC"
"ssp119",2178,"Tgav",0.787136072942908,"degC"
"ssp119",2179,"Tgav",0.786105694797883,"degC"
"ssp119",2180,"Tgav",0.785202219989575,"degC"
"ssp119",2181,"Tgav",0.784424206845525,"degC"
"ssp119",2182,"Tgav",0.783770161698662,"degC"
"ssp119",2183,"Tgav",0.783238610777181,"degC"
"ssp119",2184,"Tgav",0.782828075417795,"degC"
"ssp119",2185,"Tgav",0.782537126322073,"degC"
"ssp119",2186,"Tgav",0.782364891910404,"degC"
"ssp119",2187,"Tgav",0.782311030221828,"degC"
"ssp119",2188,"Tgav",0.7823749813978,"degC"
"ssp119",2189,"Tgav",0.782555727508375,"degC"
"ssp119",2190,"Tgav",0.782851968046635,"degC"
"ssp119",2191,"Tgav",0.783262285910358,"degC"
"ssp119",2192,"Tgav",0.783764784831537,"degC"
"ssp119",2193,"Tgav",0.784322591357091,"degC"
"ssp119",2194,"Tgav",0.784909005784348,"degC"
"ssp119",2195,"Tgav",0.785506279254075,"degC"
"ssp119",2196,"Tgav",0.786102282051275,"degC"
"ssp119",2197,"Tgav",0.786687989327639,"degC"
"ssp119",2198,"Tgav",0.787256116596379,"degC"
"ssp119",2199,"Tgav",0.787800516688003,"degC"
"ssp119",2200,"Tgav",0.788316207900507,"degC"
"ssp126",1850,"Tgav",0.11714020702554,"degC"
"ssp126",1851,"Tgav",0.122124591991989,"degC"
"ssp126",1852,"Tgav",0.128571608166981,"degC"
"ssp126",1853,"Tgav",0.135822647639025,"degC"
"ssp126",1854,"Tgav",0.142684329246122,"degC"
"ssp126",1855,"Tgav",0.137851332844833,"degC"
"ssp126",1856,"Tgav",0.0943666666554113,"degC"
"ssp126",1857,"Tgav",0.0377118072679191,"degC"
"ssp126",1858,"Tgav",0.02237900608797,"degC"
"ssp126",1859,"Tgav",0.0423519732660814,"degC"
"ssp126",1860,"Tgav",0.0689569846447355,"degC"
"ssp126",1861,"Tgav",0.087541782287272,"degC"
"ssp126",1862,"Tgav",0.0933487345894605,"degC"
"ssp126",1863,"Tgav",0.0983746276212696,"degC"
"ssp126",1864,"Tgav",0.110313073392515,"degC"
"ssp126",1865,"Tgav",0.124250005402407,"degC"
"ssp126",1866,"Tgav",0.137358996486239,"degC"
"ssp126",1867,"Tgav",0.148512745642835,"degC"
"ssp126",1868,"Tgav",0.157691887239198,"degC"
"ssp126",1869,"Tgav",0.164665220945669,"degC"
"ssp126",1870,"Tgav",0.170282744087937,"degC"
"ssp126",1871,"Tgav",0.175573356390908,"degC"
"ssp126",1872,"Tgav",0.179243893534166,"degC"
"ssp126",1873,"Tgav",0.181311346464658,"degC"
"ssp126",1874,"Tgav",0.184600173644304,"degC"
"ssp126",1875,"Tgav",0.187633750257234,"degC"
"ssp126",1876,"Tgav",0.186948249780991,"degC"
"ssp126",1877,"Tgav",0.18675495272082,"degC"
"ssp126",1878,"Tgav",0.190445548830516,"degC"
"ssp126",1879,"Tgav",0.19570843987078,"degC"
"ssp126",1880,"Tgav",0.20105931922921,"degC"
"ssp126",1881,"Tgav",0.206631970142871,"degC"
"ssp126",1882,"Tgav",0.201718544316888,"degC"
"ssp126",1883,"Tgav",0.118752424310098,"degC"
"ssp126",1884,"Tgav",-0.0129312040525703,"degC"
"ssp126",1885,"Tgav",-0.0630875812986548,"degC"
"ssp126",1886,"Tgav",-0.0510714836184401,"degC"
"ssp126",1887,"Tgav",-0.0305454922791917,"degC"
"ssp126",1888,"Tgav",-0.00929031401531195,"degC"
"ssp126",1889,"Tgav",-0.000421327201755684,"degC"
"ssp126",1890,"Tgav",-0.00106123718697597,"degC"
"ssp126",1891,"Tgav",0.00353749049250792,"degC"
"ssp126",1892,"Tgav",0.0225353435522128,"degC"
"ssp126",1893,"Tgav",0.0507149532977525,"degC"
"ssp126",1894,"Tgav",0.081534063854569,"degC"
"ssp126",1895,"Tgav",0.104354494714902,"degC"
"ssp126",1896,"Tgav",0.108730970707631,"degC"
"ssp126",1897,"Tgav",0.104542548266725,"degC"
"ssp126",1898,"Tgav",0.110740614156632,"degC"
"ssp126",1899,"Tgav",0.125978146795023,"degC"
"ssp126",1900,"Tgav",0.142726593501734,"degC"
"ssp126",1901,"Tgav",0.155203351559551,"degC"
"ssp126",1902,"Tgav",0.126188721769284,"degC"
"ssp126",1903,"Tgav",0.0669092682069369,"degC"
"ssp126",1904,"Tgav",0.0469595540147849,"degC"
"ssp126",1905,"Tgav",0.0665053849013008,"degC"
"ssp126",1906,"Tgav",0.091223688393483,"degC"
"ssp126",1907,"Tgav",0.105395394222376,"degC"
"ssp126",1908,"Tgav",0.117671435531606,"degC"
"ssp126",1909,"Tgav",0.132813674127005,"degC"
"ssp126",1910,"Tgav",0.147589362337198,"degC"
"ssp126",1911,"Tgav",0.160599339695503,"degC"
"ssp126",1912,"Tgav",0.149591399975894,"degC"
"ssp126",1913,"Tgav",0.129943767917993,"degC"
"ssp126",1914,"Tgav",0.136325578546449,"degC"
"ssp126",1915,"Tgav",0.153734460891851,"degC"
"ssp126",1916,"Tgav",0.168242196976542,"degC"
"ssp126",1917,"Tgav",0.179467693932731,"degC"
"ssp126",1918,"Tgav",0.1894919085741,"degC"
"ssp126",1919,"Tgav",0.201241323139732,"degC"
"ssp126",1920,"Tgav",0.202130562263361,"degC"
"ssp126",1921,"Tgav",0.205766032901413,"degC"
"ssp126",1922,"Tgav",0.216653793199167,"degC"
"ssp126",1923,"Tgav",0.224960557809713,"degC"
"ssp126",1924,"Tgav",0.231107080289305,"degC"
"ssp126",1925,"Tgav",0.236885549355951,"degC"
"ssp126",1926,"Tgav",0.242978427909548,"degC"
"ssp126",1927,"Tgav",0.247464845704717,"degC"
"ssp126",1928,"Tgav",0.247786759862206,"degC"
"ssp126",1929,"Tgav",0.242999988552329,"degC"
"ssp126",1930,"Tgav",0.244608660370308,"degC"
"ssp126",1931,"Tgav",0.253304209959151,"degC"
"ssp126",1932,"Tgav",0.261977502953581,"degC"
"ssp126",1933,"Tgav",0.268821047500803,"degC"
"ssp126",1934,"Tgav",0.276112653115062,"degC"
"ssp126",1935,"Tgav",0.281646504579319,"degC"
"ssp126",1936,"Tgav",0.286207567899421,"degC"
"ssp126",1937,"Tgav",0.288799560705514,"degC"
"ssp126",1938,"Tgav",0.292858970364679,"degC"
"ssp126",1939,"Tgav",0.295609016052349,"degC"
"ssp126",1940,"Tgav",0.297994430718301,"degC"
"ssp126",1941,"Tgav",0.300878735860811,"degC"
"ssp126",1942,"Tgav",0.301609338431612,"degC"
"ssp126",1943,"Tgav",0.302666336513157,"degC"
"ssp126",1944,"Tgav",0.30769087247283,"degC"
"ssp126",1945,"Tgav",0.318111955661879,"degC"
"ssp126",1946,"Tgav",0.328972752484812,"degC"
"ssp126",1947,"Tgav",0.334137897141224,"degC"
"ssp126",1948,"Tgav",0.337985586895313,"degC"
"ssp126",1949,"Tgav",0.342713167132939,"degC"
"ssp126",1950,"Tgav",0.344827195432693,"degC"
"ssp126",1951,"Tgav",0.347627647819339,"degC"
"ssp126",1952,"Tgav",0.351048666485208,"degC"
"ssp126",1953,"Tgav",0.354894657867092,"degC"
"ssp126",1954,"Tgav",0.361041422157275,"degC"
"ssp126",1955,"Tgav",0.367509715579614,"degC"
"ssp126",1956,"Tgav",0.373781916046655,"degC"
"ssp126",1957,"Tgav",0.38081436461706,"degC"
"ssp126",1958,"Tgav",0.390306664453017,"degC"
"ssp126",1959,"Tgav",0.399022696688795,"degC"
"ssp126",1960,"Tgav",0.401086123354408,"degC"
"ssp126",1961,"Tgav",0.389756555292747,"degC"
"ssp126",1962,"Tgav",0.376891236204645,"degC"
"ssp126",1963,"Tgav",0.327068737716739,"degC"
"ssp126",1964,"Tgav",0.257506832436133,"degC"
"ssp126",1965,"Tgav",0.233704103450774,"degC"
"ssp126",1966,"Tgav",0.254564213366453,"degC"
"ssp126",1967,"Tgav",0.286696611458364,"degC"
"ssp126",1968,"Tgav",0.294409596612496,"degC"
"ssp126",1969,"Tgav",0.293595640143591,"degC"
"ssp126",1970,"Tgav",0.314738336973717,"degC"
"ssp126",1971,"Tgav",0.35182392896324,"degC"
"ssp126",1972,"Tgav",0.386252081632022,"degC"
"ssp126",1973,"Tgav",0.410477532453223,"degC"
"ssp126",1974,"Tgav",0.421138790462671,"degC"
"ssp126",1975,"Tgav",0.426202486132393,"degC"
"ssp126",1976,"Tgav",0.443136916163962,"degC"
"ssp126",1977,"Tgav",0.47541319290107,"degC"
"ssp126",1978,"Tgav",0.504516520021214,"degC"
"ssp126",1979,"Tgav",0.529043313134517,"degC"
"ssp126",1980,"Tgav",0.556889665370549,"degC"
"ssp126",1981,"Tgav",0.5795293739467,"degC"
"ssp126",1982,"Tgav",0.543632011182236,"degC"
"ssp126",1983,"Tgav",0.494516172173302,"degC"
"ssp126",1984,"Tgav",0.510910819768454,"degC"
"ssp126",1985,"Tgav",0.559238014204943,"degC"
"ssp126",1986,"Tgav",0.606632325915374,"degC"
"ssp126",1987,"Tgav",0.647966574380365,"degC"
"ssp126",1988,"Tgav",0.688464127949688,"degC"
"ssp126",1989,"Tgav",0.726874087026284,"degC"
"ssp126",1990,"Tgav",0.761473113810311,"degC"
"ssp126",1991,"Tgav",0.70986366460367,"degC"
"ssp126",1992,"Tgav",0.621683527877757,"degC"
"ssp126",1993,"Tgav",0.624217097066584,"degC"
"ssp126",1994,"Tgav",0.685445827634919,"degC"
"ssp126",1995,"Tgav",0.757287796980018,"degC"
"ssp126",1996,"Tgav",0.820859268399942,"degC"
"ssp126",1997,"Tgav",0.870437882786596,"degC"
"ssp126",1998,"Tgav",0.917432294940021,"degC"
"ssp126",1999,"Tgav",0.966674218118192,"degC"
"ssp126",2000,"Tgav",1.01111536648202,"degC"
"ssp126",2001,"Tgav",1.05031602918777,"degC"
"ssp126",2002,"Tgav",1.08280244505693,"degC"
"ssp126",2003,"Tgav",1.11102583173426,"degC"
"ssp126",2004,"Tgav",1.13983917491282,"degC"
"ssp126",2005,"Tgav",1.16286952944692,"degC"
"ssp126",2006,"Tgav",1.17485181890079,"degC"
"ssp126",2007,"Tgav",1.18764179517173,"degC"
"ssp126",2008,"Tgav",1.20548550007239,"degC"
"ssp126",2009,"Tgav",1.22724725855964,"degC"
"ssp126",2010,"Tgav",1.25085596026664,"degC"
"ssp126",2011,"Tgav",1.2748399889174,"degC"
"ssp126",2012,"Tgav",1.29771502349794,"degC"
"ssp126",2013,"Tgav",1.32255190173927,"degC"
"ssp126",2014,"Tgav",1.34618179498788,"degC"
"ssp126",2015,"Tgav",1.37916874584737,"degC"
"ssp126",2016,"Tgav",1.41147721589721,"degC"
"ssp126",2017,"Tgav",1.44193891132213,"degC"
"ssp126",2018,"Tgav",1.47114276078132,"degC"
"ssp126",2019,"Tgav",1.49939267844457,"degC"
"ssp126",2020,"Tgav",1.52686224641656,"degC"
"ssp126",2021,"Tgav",1.55299018275271,"degC"
"ssp126",2022,"Tgav",1.57790091386795,"degC"
"ssp126",2023,"Tgav",1.60171033688388,"degC"
"ssp126",2024,"Tgav",1.62448736757713,"degC"
"ssp126",2025,"Tgav",1.64628438064242,"degC"
"ssp126",2026,"Tgav",1.667144144578,"degC"
"ssp126",2027,"Tgav",1.68710369301348,"degC"
"ssp126",2028,"Tgav",1.70619653213027,"degC"
"ssp126",2029,"Tgav",1.72445392807463,"degC"
"ssp126",2030,"Tgav",1.74190566410985,"degC"
"ssp126",2031,"Tgav",1.75871509064656,"degC"
"ssp126",2032,"Tgav",1.77489257187217,"degC"
"ssp126",2033,"Tgav",1.79042797341556,"degC"
"ssp126",2034,"Tgav",1.80532030045359,"degC"
"ssp126",2035,"Tgav",1.81957253055215,"degC"
"ssp126",2036,"Tgav",1.83319047593319,"degC"
"ssp126",2037,"Tgav",1.84618674318528,"degC"
"ssp126",2038,"Tgav",1.85856917338964,"degC"
"ssp126",2039,"Tgav",1.87034527396562,"degC"
"ssp126",2040,"Tgav",1.88152403380641,"degC"
"ssp126",2041,"Tgav",1.89163881539614,"degC"
"ssp126",2042,"Tgav",1.90081584437865,"degC"
"ssp126",2043,"Tgav",1.90920080932551,"degC"
"ssp126",2044,"Tgav",1.91688224195484,"degC"
"ssp126",2045,"Tgav",1.92391882930036,"degC"
"ssp126",2046,"Tgav",1.93035156422885,"degC"
"ssp126",2047,"Tgav",1.9362102123284,"degC"
"ssp126",2048,"Tgav",1.94151704738356,"degC"
"ssp126",2049,"Tgav",1.94628913161847,"degC"
"ssp126",2050,"Tgav",1.95053978213305,"degC"
"ssp126",2051,"Tgav",1.95431830737916,"degC"
"ssp126",2052,"Tgav",1.95764796184933,"degC"
"ssp126",2053,"Tgav",1.96055236311483,"degC"
"ssp126",2054,"Tgav",1.96304966838627,"degC"
"ssp126",2055,"Tgav",1.96517179108347,"degC"
"ssp126",2056,"Tgav",1.96690568046457,"degC"
"ssp126",2057,"Tgav",1.9682522567112,"degC"
"ssp126",2058,"Tgav",1.96922371740759,"degC"
"ssp126",2059,"Tgav",1.96982650032961,"degC"
"ssp126",2060,"Tgav",1.97006195622118,"degC"
"ssp126",2061,"Tgav",1.96979688281366,"degC"
"ssp126",2062,"Tgav",1.96906699024119,"degC"
"ssp126",2063,"Tgav",1.96792733365977,"degC"
"ssp126",2064,"Tgav",1.96641241041619,"degC"
"ssp126",2065,"Tgav",1.96454663256864,"degC"
"ssp126",2066,"Tgav",1.96234916217367,"degC"
"ssp126",2067,"Tgav",1.95983365036797,"degC"
"ssp126",2068,"Tgav",1.95700935858718,"degC"
"ssp126",2069,"Tgav",1.95388388089083,"degC"
"ssp126",2070,"Tgav",1.95046405564711,"degC"
"ssp126",2071,"Tgav",1.94667652608052,"degC"
"ssp126",2072,"Tgav",1.94252321612137,"degC"
"ssp126",2073,"Tgav",1.93800507960354,"degC"
"ssp126",2074,"Tgav",1.93312121676311,"degC"
"ssp126",2075,"Tgav",1.92787066258763,"degC"
"ssp126",2076,"Tgav",1.92225213417903,"degC"
"ssp126",2077,"Tgav",1.91626456337154,"degC"
"ssp126",2078,"Tgav",1.90990725504894,"degC"
"ssp126",2079,"Tgav",1.90317950156185,"degC"
"ssp126",2080,"Tgav",1.89608039805175,"degC"
"ssp126",2081,"Tgav",1.8886580127175,"degC"
"ssp126",2082,"Tgav",1.88095470675286,"degC"
"ssp126",2083,"Tgav",1.8730152191672,"degC"
"ssp126",2084,"Tgav",1.86487042078901,"degC"
"ssp126",2085,"Tgav",1.85654066218282,"degC"
"ssp126",2086,"Tgav",1.84803978072259,"degC"
"ssp126",2087,"Tgav",1.83937745766999,"degC"
"ssp126",2088,"Tgav",1.8305607634338,"degC"
"ssp126",2089,"Tgav",1.82159449949676,"degC"
"ssp126",2090,"Tgav",1.81248139070323,"degC"
"ssp126",2091,"Tgav",1.80328941866617,"degC"
"ssp126",2092,"Tgav",1.79402998051488,"degC"
"ssp126",2093,"Tgav",1.78472849343557,"degC"
"ssp126",2094,"Tgav",1.77540602206531,"degC"
"ssp126",2095,"Tgav",1.7660778809237,"degC"
"ssp126",2096,"Tgav",1.7567556307954,"degC"
"ssp126",2097,"Tgav",1.74744780427599,"degC"
"ssp126",2098,"Tgav",1.7381607074973,"degC"
"ssp126",2099,"Tgav",1.72889925497238,"degC"
"ssp126",2100,"Tgav",1.71966744221463,"degC"
"ssp126",2101,"Tgav",1.71030218801725,"degC"
"ssp126",2102,"Tgav",1.70085840951352,"degC"
"ssp126",2103,"Tgav",1.6914126921784,"degC"
"ssp126",2104,"Tgav",1.68201460354982,"degC"
"ssp126",2105,"Tgav",1.67269692903347,"degC"
"ssp126",2106,"Tgav",1.66348260174052,"degC"
"ssp126",2107,"Tgav",1.65438819191722,"degC"
"ssp126",2108,"Tgav",1.64542561760023,"degC"
"ssp126",2109,"Tgav",1.63660327985277,"degC"
"ssp126",2110,"Tgav",1.62792697593808,"degC"
"ssp126",2111,"Tgav",1.61940056591551,"degC"
"ssp126",2112,"Tgav",1.61102643415633,"degC"
"ssp126",2113,"Tgav",1.60280586121199,"degC"
"ssp126",2114,"Tgav",1.59473929932397,"degC"
"ssp126",2115,"Tgav",1.58682652733706,"degC"
"ssp126",2116,"Tgav",1.57906694291765,"degC"
"ssp126",2117,"Tgav",1.57145971533868,"degC"
"ssp126",2118,"Tgav",1.56400363097935,"degC"
"ssp126",2119,"Tgav",1.55669706933009,"degC"
"ssp126",2120,"Tgav",1.54953810546691,"degC"
"ssp126",2121,"Tgav",1.54252460868006,"degC"
"ssp126",2122,"Tgav",1.53565430949176,"degC"
"ssp126",2123,"Tgav",1.52892482009496,"degC"
"ssp126",2124,"Tgav",1.52233373844108,"degC"
"ssp126",2125,"Tgav",1.51587862627726,"degC"
"ssp126",2126,"Tgav",1.50955695975696,"degC"
"ssp126",2127,"Tgav",1.5033661782471,"degC"
"ssp126",2128,"Tgav",1.49730371813857,"degC"
"ssp126",2129,"Tgav",1.49136701794474,"degC"
"ssp126",2130,"Tgav",1.48555352067066,"degC"
"ssp126",2131,"Tgav",1.47986069541662,"degC"
"ssp126",2132,"Tgav",1.47428607295737,"degC"
"ssp126",2133,"Tgav",1.46882727667305,"degC"
"ssp126",2134,"Tgav",1.46348195450355,"degC"
"ssp126",2135,"Tgav",1.45824772348797,"degC"
"ssp126",2136,"Tgav",1.45312219155978,"degC"
"ssp126",2137,"Tgav",1.44810298936902,"degC"
"ssp126",2138,"Tgav",1.4431877723305,"degC"
"ssp126",2139,"Tgav",1.43837423923869,"degC"
"ssp126",2140,"Tgav",1.43366014199525,"degC"
"ssp126",2141,"Tgav",1.42904329849808,"degC"
"ssp126",2142,"Tgav",1.42453030430598,"degC"
"ssp126",2143,"Tgav",1.42013431235785,"degC"
"ssp126",2144,"Tgav",1.41586438906642,"degC"
"ssp126",2145,"Tgav",1.41172628420509,"degC"
"ssp126",2146,"Tgav",1.40772381412537,"degC"
"ssp126",2147,"Tgav",1.40385941350542,"degC"
"ssp126",2148,"Tgav",1.40013448564016,"degC"
"ssp126",2149,"Tgav",1.39654970764996,"degC"
"ssp126",2150,"Tgav",1.39310525047636,"degC"
"ssp126",2151,"Tgav",1.38980091137155,"degC"
"ssp126",2152,"Tgav",1.38662727684343,"degC"
"ssp126",2153,"Tgav",1.38356819161398,"degC"
"ssp126",2154,"Tgav",1.38061178500754,"degC"
"ssp126",2155,"Tgav",1.37774962827343,"degC"
"ssp126",2156,"Tgav",1.37497528561379,"degC"
"ssp126",2157,"Tgav",1.37228373775219,"degC"
"ssp126",2158,"Tgav",1.36967099199622,"degC"
"ssp126",2159,"Tgav",1.36713374423292,"degC"
"ssp126",2160,"Tgav",1.36466916799759,"degC"
"ssp126",2161,"Tgav",1.36227483586586,"degC"
"ssp126",2162,"Tgav",1.35994865912393,"degC"
"ssp126",2163,"Tgav",1.35768881642771,"degC"
"ssp126",2164,"Tgav",1.35549372707886,"degC"
"ssp126",2165,"Tgav",1.35336211338556,"degC"
"ssp126",2166,"Tgav",1.35129297141142,"degC"
"ssp126",2167,"Tgav",1.34928580445601,"degC"
"ssp126",2168,"Tgav",1.3473406451125,"degC"
"ssp126",2169,"Tgav",1.34545753651201,"degC"
"ssp126",2170,"Tgav",1.34363617191089,"degC"
"ssp126",2171,"Tgav",1.34187593259151,"degC"
"ssp126",2172,"Tgav",1.34017619683574,"degC"
"ssp126",2173,"Tgav",1.33853642505973,"degC"
"ssp126",2174,"Tgav",1.33695596589851,"degC"
"ssp126",2175,"Tgav",1.33543396683431,"degC"
"ssp126",2176,"Tgav",1.33396946691275,"degC"
"ssp126",2177,"Tgav",1.33256151875275,"degC"
"ssp126",2178,"Tgav",1.33120929704661,"degC"
"ssp126",2179,"Tgav",1.32991211645388,"degC"
"ssp126",2180,"Tgav",1.32866930338358,"degC"
"ssp126",2181,"Tgav",1.32748007025725,"degC"
"ssp126",2182,"Tgav",1.32634357615595,"degC"
"ssp126",2183,"Tgav",1.32525899225172,"degC"
"ssp126",2184,"Tgav",1.3242254817562,"degC"
"ssp126",2185,"Tgav",1.32324224749409,"degC"
"ssp126",2186,"Tgav",1.32230898601489,"degC"
"ssp126",2187,"Tgav",1.32142586695149,"degC"
"ssp126",2188,"Tgav",1.32059286587759,"degC"
"ssp126",2189,"Tgav",1.31980954697402,"degC"
"ssp126",2190,"Tgav",1.31907521306709,"degC"
"ssp126",2191,"Tgav",1.3183890498394,"degC"
"ssp126",2192,"Tgav",1.31774139336396,"degC"
"ssp126",2193,"Tgav",1.31711605270024,"degC"
"ssp126",2194,"Tgav",1.31650106766975,"degC"
"ssp126",2195,"Tgav",1.31588857357605,"degC"
"ssp126",2196,"Tgav",1.31527351909475,"degC"
"ssp126",2197,"Tgav",1.31465213520161,"degC"
"ssp126",2198,"Tgav",1.31402108993262,"degC"
"ssp126",2199,"Tgav",1.31337726146809,"degC"
"ssp126",2200,"Tgav",1.31271776565429,"degC"
"ssp245",1850,"Tgav",0.11714020702554,"degC"
"ssp245",1851,"Tgav",0.122124591991989,"degC"
"ssp245",1852,"Tgav",0.128571608166981,"degC"
"ssp245",1853,"Tgav",0.135822647639025,"degC"
"ssp245",1854,"Tgav",0.142684329246122,"degC"
"ssp245",1855,"Tgav",0.137851332844833,"degC"
"ssp245",1856,"Tgav",0.0943666666554113,"degC"
"ssp245",1857,"Tgav",0.0377118072679191,"degC"
"ssp245",1858,"Tgav",0.02237900608797,"degC"
"ssp245",1859,"Tgav",0.0423519732660814,"degC"
"ssp245",1860,"Tgav",0.0689569846447355,"degC"
"ssp245",1861,"Tgav",0.087541782287272,"degC"
"ssp245",1862,"Tgav",0.0933487345894605,"degC"
"ssp245",1863,"Tgav",0.0983746276212696,"degC"
"ssp245",1864,"Tgav",0.110313073392515,"degC"
"ssp245",1865,"Tgav",0.124250005402407,"degC"
"ssp245",1866,"Tgav",0.137358996486239,"degC"
"ssp245",1867,"Tgav",0.148512745642835,"degC"
"ssp245",1868,"Tgav",0.157691887239198,"degC"
"ssp245",1869,"Tgav",0.164665220945669,"degC"
"ssp245",1870,"Tgav",0.170282744087937,"degC"
"ssp245",1871,"Tgav",0.175573356390908,"degC"
"ssp245",1872,"Tgav",0.179243893534166,"degC"
"ssp245",1873,"Tgav",0.181311346464658,"degC"
"ssp245",1874,"Tgav",0.184600173644304,"degC"
"ssp245",1875,"Tgav",0.187633750257234,"degC"
"ssp245",1876,"Tgav",0.186948249780991,"degC"
"ssp245",1877,"Tgav",0.18675495272082,"degC"
"ssp245",1878,"Tgav",0.190445548830516,"degC"
"ssp245",1879,"Tgav",0.19570843987078,"degC"
"ssp245",1880,"Tgav",0.20105931922921,"degC"
"ssp245",1881,"Tgav",0.206631970142871,"degC"
"ssp245",1882,"Tgav",0.201718544316888,"degC"
"ssp245",1883,"Tgav",0.118752424310098,"degC"
"ssp245",1884,"Tgav",-0.0129312040525703,"degC"
"ssp245",1885,"Tgav",-0.0630875812986548,"degC"
"ssp245",1886,"Tgav",-0.0510714836184401,"degC"
"ssp245",1887,"Tgav",-0.0305454922791917,"degC"
"ssp245",1888,"Tgav",-0.00929031401531195,"degC"
"ssp245",1889,"Tgav",-0.000421327201755684,"degC"
"ssp245",1890,"Tgav",-0.00106123718697597,"degC"
"ssp245",1891,"Tgav",0.00353749049250792,"degC"
"ssp245",1892,"Tgav",0.0225353435522128,"degC"
"ssp245",1893,"Tgav",0.0507149532977525,"degC"
"ssp245",1894,"Tgav",0.081534063854569,"degC"
"ssp245",1895,"Tgav",0.104354494714902,"degC"
"ssp245",1896,"Tgav",0.108730970707631,"degC"
"ssp245",1897,"Tgav",0.104542548266725,"degC"
"ssp245",1898,"Tgav",0.110740614156632,"degC"
"ssp245",1899,"Tgav",0.125978146795023,"degC"
"ssp245",1900,"Tgav",0.142726593501734,"degC"
"ssp245",1901,"Tgav",0.155203351559551,"degC"
"ssp245",1902,"Tgav",0.126188721769284,"degC"
"ssp245",1903,"Tgav",0.0669092682069369,"degC"
"ssp245",1904,"Tgav",0.0469595540147849,"degC"
"ssp245",1905,"Tgav",0.0665053849013008,"degC"
"ssp245",1906,"Tgav",0.091223688393483,"degC"
"ssp245",1907,"Tgav",0.105395394222376,"degC"
"ssp245",1908,"Tgav",0.117671435531606,"degC"
"ssp245",1909,"Tgav",0.132813674127005,"degC"
"ssp245",1910,"Tgav",0.147589362337198,"degC"
"ssp245",1911,"Tgav",0.160599339695503,"degC"
"ssp245",1912,"Tgav",0.149591399975894,"degC"
"ssp245",1913,"Tgav",0.129943767917993,"degC"
"ssp245",1914,"Tgav",0.136325578546449,"degC"
"ssp245",1915,"Tgav",0.153734460891851,"degC"
"ssp245",1916,"Tgav",0.168242196976542,"degC"
"ssp245",1917,"Tgav",0.179467693932731,"degC"
"ssp245",1918,"Tgav",0.1894919085741,"degC"
"ssp245",1919,"Tgav",0.201241323139732,"degC"
"ssp245",1920,"Tgav",0.202130562263361,"degC"
"ssp245",1921,"Tgav",0.205766032901413,"degC"
"ssp245",1922,"Tgav",0.216653793199167,"degC"
"ssp245",1923,"Tgav",0.224960557809713,"degC"
"ssp245",1924,"Tgav",0.231107080289305,"degC"
"ssp245",1925,"Tgav",0.236885549355951,"degC"
"ssp245",1926,"Tgav",0.242978427909548,"degC"
"ssp245",1927,"Tgav",0.247464845704717,"degC"
"ssp245",1928,"Tgav",0.247786759862206,"degC"
"ssp245",1929,"Tgav",0.242999988552329,"degC"
"ssp245",1930,"Tgav",0.244608660370308,"degC"
"ssp245",1931,"Tgav",0.253304209959151,"degC"
"ssp245",1932,"Tgav",0.261977502953581,"degC"
"ssp245",1933,"Tgav",0.268821047500803,"degC"
"ssp245",1934,"Tgav",0.276112653115062,"degC"
"ssp245",1935,"Tgav",0.281646504579319,"degC"
"ssp245",1936,"Tgav",0.286207567899421,"degC"
"ssp245",1937,"Tgav",0.288799560705514,"degC"
"ssp245",1938,"Tgav",0.292858970364679,"degC"
"ssp245",1939,"Tgav",0.295609016052349,"degC"
"ssp245",1940,"Tgav",0.297994430718301,"degC"
"ssp245",1941,"Tgav",0.300878735860811,"degC"
"ssp245",1942,"Tgav",0.301609338431612,"degC"
"ssp245",1943,"Tgav",0.302666336513157,"degC"
"ssp245",1944,"Tgav",0.30769087247283,"degC"
"ssp245",1945,"Tgav",0.318111955661879,"degC"
"ssp245",1946,"Tgav",0.328972752484812,"degC"
"ssp245",1947,"Tgav",0.334137897141224,"degC"
"ssp245",1948,"Tgav",0.337985586895313,"degC"
"ssp245",1949,"Tgav",0.342713167132939,"degC"
"ssp245",1950,"Tgav",0.344827195432693,"degC"
"ssp245",1951,"Tgav",0.347627647819339,"degC"
"ssp245",1952,"Tgav",0.351048666485208,"degC"
"ssp245",1953,"Tgav",0.354894657867092,"degC"
"ssp245",1954,"Tgav",0.361041422157275,"degC"
"ssp245",1955,"Tgav",0.367509715579614,"degC"
"ssp245",1956,"Tgav",0.373781916046655,"degC"
"ssp245",1957,"Tgav",0.38081436461706,"degC"
"ssp245",1958,"Tgav",0.390306664453017,"degC"
"ssp245",1959,"Tgav",0.399022696688795,"degC"
"ssp245",1960,"Tgav",0.401086123354408,"degC"
"ssp245",1961,"Tgav",0.389756555292747,"degC"
"ssp245",1962,"Tgav",0.376891236204645,"degC"
"ssp245",1963,"Tgav",0.327068737716739,"degC"
"ssp245",1964,"Tgav",0.257506832436133,"degC"
"ssp245",1965,"Tgav",0.233704103450774,"degC"
"ssp245",1966,"Tgav",0.254564213366453,"degC"
"ssp245",1967,"Tgav",0.286696611458364,"degC"
"ssp245",1968,"Tgav",0.294409596612496,"degC"
"ssp245",1969,"Tgav",0.293595640143591,"degC"
"ssp245",1970,"Tgav",0.314738336973717,"degC"
"ssp245",1971,"Tgav",0.35182392896324,"degC"
"ssp245",1972,"Tgav",0.386252081632022,"degC"
"ssp245",1973,"Tgav",0.410477532453223,"degC"
"ssp245",1974,"Tgav",0.421138790462671,"degC"
"ssp245",1975,"Tgav",0.426202486132393,"degC"
"ssp245",1976,"Tgav",0.443136916163962,"degC"
"ssp245",1977,"Tgav",0.47541319290107,"degC"
"ssp245",1978,"Tgav",0.504516520021214,"degC"
"ssp245",1979,"Tgav",0.529043313134517,"degC"
"ssp245",1980,"Tgav",0.556889665370549,"degC"
"ssp245",1981,"Tgav",0.5795293739467,"degC"
"ssp245",1982,"Tgav",0.543632011182236,"degC"
"ssp245",1983,"Tgav",0.494516172173302,"degC"
"ssp245",1984,"Tgav",0.510910819768454,"degC"
"ssp245",1985,"Tgav",0.559238014204943,"degC"
"ssp245",1986,"Tgav",0.606632325915374,"degC"
"ssp245",1987,"Tgav",0.647966574380365,"degC"
"ssp245",1988,"Tgav",0.688464127949688,"degC"
"ssp245",1989,"Tgav",0.726874087026284,"degC"
"ssp245",1990,"Tgav",0.761473113810311,"degC"
"ssp245",1991,"Tgav",0.70986366460367,"degC"
"ssp245",1992,"Tgav",0.621683527877757,"degC"
"ssp245",1993,"Tgav",0.624217097066584,"degC"
"ssp245",1994,"Tgav",0.685445827634919,"degC"
"ssp245",1995,"Tgav",0.757287796980018,"degC"
"ssp245",1996,"Tgav",0.820859268399942,"degC"
"ssp245",1997,"Tgav",0.870437882786596,"degC"
"ssp245",1998,"Tgav",0.917432294940021,"degC"
"ssp245",1999,"Tgav",0.966674218118192,"degC"
"ssp245",2000,"Tgav",1.01111536648202,"degC"
"ssp245",2001,"Tgav",1.05031602918777,"degC"
"ssp245",2002,"Tgav",1.08280244505693,"degC"
"ssp245",2003,"Tgav",1.11102583173426,"degC"
"ssp245",2004,"Tgav",1.13983917491282,"degC"
"ssp245",2005,"Tgav",1.16286952944692,"degC"
"ssp245",2006,"Tgav",1.17485181890079,"degC"
"ssp245",2007,"Tgav",1.18764179517173,"degC"
"ssp245",2008,"Tgav",1.20548550007239,"degC"
"ssp245",2009,"Tgav",1.22724725855964,"degC"
"ssp245",2010,"Tgav",1.25085596026664,"degC"
"ssp245",2011,"Tgav",1.2748399889174,"degC"
"ssp245",2012,"Tgav",1.29771502349794,"degC"
"ssp245",2013,"Tgav",1.32255190173927,"degC"
"ssp245",2014,"Tgav",1.34618179498788,"degC"
"ssp245",2015,"Tgav",1.37916874584737,"degC"
"ssp245",2016,"Tgav",1.41228152995606,"degC"
"ssp245",2017,"Tgav",1.44438540527643,"degC"
"ssp245",2018,"Tgav",1.47601165666157,"degC"
"ssp245",2019,"Tgav",1.50743172479095,"degC"
"ssp245",2020,"Tgav",1.53879473648252,"degC"
"ssp245",2021,"Tgav",1.56819317044645,"degC"
"ssp245",2022,"Tgav",1.59594785829209,"degC"
"ssp245",2023,"Tgav",1.62252663144968,"degC"
"ssp245",2024,"Tgav",1.64820899903457,"degC"
"ssp245",2025,"Tgav",1.67317635730074,"degC"
"ssp245",2026,"Tgav",1.69755399542555,"degC"
"ssp245",2027,"Tgav",1.72143270855434,"degC"
"ssp245",2028,"Tgav",1.74488088244963,"degC"
"ssp245",2029,"Tgav",1.76795170807588,"degC"
"ssp245",2030,"Tgav",1.79068770420743,"degC"
"ssp245",2031,"Tgav",1.8137892896038,"degC"
"ssp245",2032,"Tgav",1.83713525213492,"degC"
"ssp245",2033,"Tgav",1.86054452850261,"degC"
"ssp245",2034,"Tgav",1.88391287165146,"degC"
"ssp245",2035,"Tgav",1.90716715057206,"degC"
"ssp245",2036,"Tgav",1.93029143501221,"degC"
"ssp245",2037,"Tgav",1.95325852271277,"degC"
"ssp245",2038,"Tgav",1.97604917560334,"degC"
"ssp245",2039,"Tgav",1.99865524240342,"degC"
"ssp245",2040,"Tgav",2.02107436350134,"degC"
"ssp245",2041,"Tgav",2.04334616180963,"degC"
"ssp245",2042,"Tgav",2.06544446725137,"degC"
"ssp245",2043,"Tgav",2.08733222437777,"degC"
"ssp245",2044,"Tgav",2.10898656218299,"degC"
"ssp245",2045,"Tgav",2.13039478181602,"degC"
"ssp245",2046,"Tgav",2.15155034237993,"degC"
"ssp245",2047,"Tgav",2.17245072414825,"degC"
"ssp245",2048,"Tgav",2.19309615162689,"degC"
"ssp245",2049,"Tgav",2.21348875333499,"degC"
"ssp245",2050,"Tgav",2.23363199177701,"degC"
"ssp245",2051,"Tgav",2.25318457928688,"degC"
"ssp245",2052,"Tgav",2.27218819613569,"degC"
"ssp245",2053,"Tgav",2.29070093500784,"degC"
"ssp245",2054,"Tgav",2.30875660879302,"degC"
"ssp245",2055,"Tgav",2.32637893688929,"degC"
"ssp245",2056,"Tgav",2.34358270700754,"degC"
"ssp245",2057,"Tgav",2.36038803136693,"degC"
"ssp245",2058,"Tgav",2.37680840407674,"degC"
"ssp245",2059,"Tgav",2.39285182557613,"degC"
"ssp245",2060,"Tgav",2.40852791643029,"degC"
"ssp245",2061,"Tgav",2.42359444227603,"degC"
"ssp245",2062,"Tgav",2.43812018574924,"degC"
"ssp245",2063,"Tgav",2.45218604336902,"degC"
"ssp245",2064,"Tgav",2.46584229546604,"degC"
"ssp245",2065,"Tgav",2.47912286410556,"degC"
"ssp245",2066,"Tgav",2.49205197669943,"degC"
"ssp245",2067,"Tgav",2.5046476734172,"degC"
"ssp245",2068,"Tgav",2.51692379526811,"degC"
"ssp245",2069,"Tgav",2.52889123641363,"degC"
"ssp245",2070,"Tgav",2.5405587766841,"degC"
"ssp245",2071,"Tgav",2.55193084218461,"degC"
"ssp245",2072,"Tgav",2.5629852694854,"degC"
"ssp245",2073,"Tgav",2.5736855764393,"degC"
"ssp245",2074,"Tgav",2.58400632584425,"degC"
"ssp245",2075,"Tgav",2.59393114761229,"degC"
"ssp245",2076,"Tgav",2.6034490713788,"degC"
"ssp245",2077,"Tgav",2.6125594004894,"degC"
"ssp245",2078,"Tgav",2.62124635993491,"degC"
"ssp245",2079,"Tgav",2.62951262907083,"degC"
"ssp245",2080,"Tgav",2.63735436006743,"degC"
"ssp245",2081,"Tgav",2.64494393497431,"degC"
"ssp245",2082,"Tgav",2.65226255494903,"degC"
"ssp245",2083,"Tgav",2.65926533329418,"degC"
"ssp245",2084,"Tgav",2.66592322092906,"degC"
"ssp245",2085,"Tgav",2.67221637645059,"degC"
"ssp245",2086,"Tgav",2.67813044204545,"degC"
"ssp245",2087,"Tgav",2.6836549453651,"degC"
"ssp245",2088,"Tgav",2.68878228596277,"degC"
"ssp245",2089,"Tgav",2.6935064584635,"degC"
"ssp245",2090,"Tgav",2.69782222343329,"degC"
"ssp245",2091,"Tgav",2.70163327433091,"degC"
"ssp245",2092,"Tgav",2.70497127753686,"degC"
"ssp245",2093,"Tgav",2.70789248886669,"degC"
"ssp245",2094,"Tgav",2.71043533621212,"degC"
"ssp245",2095,"Tgav",2.71262545389576,"degC"
"ssp245",2096,"Tgav",2.71448071871698,"degC"
"ssp245",2097,"Tgav",2.71603960678375,"degC"
"ssp245",2098,"Tgav",2.71727819500461,"degC"
"ssp245",2099,"Tgav",2.71819962623414,"degC"
"ssp245",2100,"Tgav",2.7188186785733,"degC"
"ssp245",2101,"Tgav",2.71920695310318,"degC"
"ssp245",2102,"Tgav",2.71938731470693,"degC"
"ssp245",2103,"Tgav",2.7194174419481,"degC"
"ssp245",2104,"Tgav",2.71934413952005,"degC"
"ssp245",2105,"Tgav",2.71919900852614,"degC"
"ssp245",2106,"Tgav",2.71900771975586,"degC"
"ssp245",2107,"Tgav",2.7187930249968,"degC"
"ssp245",2108,"Tgav",2.71857230811599,"degC"
"ssp245",2109,"Tgav",2.71835839216765,"degC"
"ssp245",2110,"Tgav",2.71816273519957,"degC"
"ssp245",2111,"Tgav",2.71799556616735,"degC"
"ssp245",2112,"Tgav",2.71786457719096,"degC"
"ssp245",2113,"Tgav",2.71777576802603,"degC"
"ssp245",2114,"Tgav",2.71773476848652,"degC"
"ssp245",2115,"Tgav",2.71774643600883,"degC"
"ssp245",2116,"Tgav",2.71781443932524,"degC"
"ssp245",2117,"Tgav",2.71794190188144,"degC"
"ssp245",2118,"Tgav",2.71813170179051,"degC"
"ssp245",2119,"Tgav",2.71838605913677,"degC"
"ssp245",2120,"Tgav",2.71870642367763,"degC"
"ssp245",2121,"Tgav",2.71909390242437,"degC"
"ssp245",2122,"Tgav",2.71954943013553,"degC"
"ssp245",2123,"Tgav",2.72007355055414,"degC"
"ssp245",2124,"Tgav",2.72066647931044,"degC"
"ssp245",2125,"Tgav",2.72132829039637,"degC"
"ssp245",2126,"Tgav",2.72205889119711,"degC"
"ssp245",2127,"Tgav",2.72285793951711,"degC"
"ssp245",2128,"Tgav",2.72372490132748,"degC"
"ssp245",2129,"Tgav",2.72465915797201,"degC"
"ssp245",2130,"Tgav",2.72565999245518,"degC"
"ssp245",2131,"Tgav",2.72672655487834,"degC"
"ssp245",2132,"Tgav",2.72785792531484,"degC"
"ssp245",2133,"Tgav",2.72905318452398,"degC"
"ssp245",2134,"Tgav",2.73031134709039,"degC"
"ssp245",2135,"Tgav",2.73163130374542,"degC"
"ssp245",2136,"Tgav",2.7330118634505,"degC"
"ssp245",2137,"Tgav",2.7344517952622,"degC"
"ssp245",2138,"Tgav",2.73594981985258,"degC"
"ssp245",2139,"Tgav",2.73750462328228,"degC"
"ssp245",2140,"Tgav",2.73911488134926,"degC"
"ssp245",2141,"Tgav",2.7407792755127,"degC"
"ssp245",2142,"Tgav",2.74249647473665,"degC"
"ssp245",2143,"Tgav",2.74426514580223,"degC"
"ssp245",2144,"Tgav",2.74608396390289,"degC"
"ssp245",2145,"Tgav",2.74795160878815,"degC"
"ssp245",2146,"Tgav",2.74986677483343,"degC"
"ssp245",2147,"Tgav",2.75182817013986,"degC"
"ssp245",2148,"Tgav",2.75383449517956,"degC"
"ssp245",2149,"Tgav",2.75588441543886,"degC"
"ssp245",2150,"Tgav",2.75797657141092,"degC"
"ssp245",2151,"Tgav",2.76010962653784,"degC"
"ssp245",2152,"Tgav",2.76227216517618,"degC"
"ssp245",2153,"Tgav",2.76444532276561,"degC"
"ssp245",2154,"Tgav",2.76661492422994,"degC"
"ssp245",2155,"Tgav",2.76877068425433,"degC"
"ssp245",2156,"Tgav",2.77090489588463,"degC"
"ssp245",2157,"Tgav",2.77301173185981,"degC"
"ssp245",2158,"Tgav",2.77508655702079,"degC"
"ssp245",2159,"Tgav",2.77712555418391,"degC"
"ssp245",2160,"Tgav",2.77912563604507,"degC"
"ssp245",2161,"Tgav",2.78108429715566,"degC"
"ssp245",2162,"Tgav",2.78299939888968,"degC"
"ssp245",2163,"Tgav",2.78486910884534,"degC"
"ssp245",2164,"Tgav",2.78669194330985,"degC"
"ssp245",2165,"Tgav",2.78846676827865,"degC"
"ssp245",2166,"Tgav",2.79019270297122,"degC"
"ssp245",2167,"Tgav",2.79186929964017,"degC"
"ssp245",2168,"Tgav",2.79349658877271,"degC"
"ssp245",2169,"Tgav",2.79507467737597,"degC"
"ssp245",2170,"Tgav",2.79660345413233,"degC"
"ssp245",2171,"Tgav",2.79808261129682,"degC"
"ssp245",2172,"Tgav",2.79951186687598,"degC"
"ssp245",2173,"Tgav",2.80089101859284,"degC"
"ssp245",2174,"Tgav",2.802219803007,"degC"
"ssp245",2175,"Tgav",2.80349782951138,"degC"
"ssp245",2176,"Tgav",2.8047246358795,"degC"
"ssp245",2177,"Tgav",2.80589977144852,"degC"
"ssp245",2178,"Tgav",2.80702288436111,"degC"
"ssp245",2179,"Tgav",2.80809373783601,"degC"
"ssp245",2180,"Tgav",2.80911210857004,"degC"
"ssp245",2181,"Tgav",2.81007769032172,"degC"
"ssp245",2182,"Tgav",2.81099014031232,"degC"
"ssp245",2183,"Tgav",2.81184912553624,"degC"
"ssp245",2184,"Tgav",2.81265430373681,"degC"
"ssp245",2185,"Tgav",2.81340535845479,"degC"
"ssp245",2186,"Tgav",2.81410233674225,"degC"
"ssp245",2187,"Tgav",2.81474563899539,"degC"
"ssp245",2188,"Tgav",2.8153355321904,"degC"
"ssp245",2189,"Tgav",2.81587198507421,"degC"
"ssp245",2190,"Tgav",2.81635476426379,"degC"
"ssp245",2191,"Tgav",2.81678353353008,"degC"
"ssp245",2192,"Tgav",2.81715789565646,"degC"
"ssp245",2193,"Tgav",2.81747742828686,"degC"
"ssp245",2194,"Tgav",2.81774171320269,"degC"
"ssp245",2195,"Tgav",2.81795083075324,"degC"
"ssp245",2196,"Tgav",2.81810545474087,"degC"
"ssp245",2197,"Tgav",2.81820615389763,"degC"
"ssp245",2198,"Tgav",2.81825304820637,"degC"
"ssp245",2199,"Tgav",2.81824587528103,"degC"
"ssp245",2200,"Tgav",2.81818415578479,"degC"
